Athlete_ID,Age,Gender,Sport_Type,Session_ID,Date,Session_Duration,Heart_Rate_Avg,Speed_Avg,Distance_Covered,Endurance_Score,Technique_Score,Performance_Level
1,24,Male,Football,S001,2025-01-01,36,144,5.325257964926397,12226,58.31845049864872,63.013213230530575,Average
2,21,Male,Basketball,S002,2025-01-02,38,146,9.744427686266668,7152,93.63130824940514,65.54709158757927,Needs Improvement
3,22,Male,Basketball,S003,2025-01-03,53,147,9.828160165372797,14147,84.88097705125016,60.85396127095584,Needs Improvement
4,24,Female,Basketball,S004,2025-01-04,30,135,9.041986740582306,5585,92.27745237038852,83.14950036607718,Needs Improvement
5,20,Male,Basketball,S005,2025-01-05,73,134,6.523068845866853,7943,90.2672307692442,64.27013306774357,Needs Improvement
6,22,Female,Football,S006,2025-01-06,37,122,5.48836057003192,11555,76.90549904649883,61.23738038749523,Needs Improvement
7,22,Female,Football,S007,2025-01-07,53,156,8.421165132560784,7073,91.48434057604028,71.70784332632994,Needs Improvement
8,24,Female,Basketball,S008,2025-01-08,40,126,7.200762468698007,5021,53.98216259233638,55.6369689989905,Average
9,19,Male,Basketball,S009,2025-01-09,80,140,5.610191174223894,14805,58.81922880886153,82.08787923016159,Needs Improvement
10,20,Female,Football,S010,2025-01-10,46,128,7.475884550556351,7843,52.035228000974215,52.98202574719083,Average
5,22,Female,Football,S009,2025-01-02,52,132,7.869706403312115,9612,89.23028818447781,56.167699714226615,Needs Improvement
4,22,Male,Football,S009,2025-01-05,55,129,7.7780004262207045,16713,78.40384011721162,70.41793844691855,Needs Improvement
2,21,Male,Basketball,S004,2025-01-01,70,143,12.520628736455595,7213,91.33496749101624,64.28420887456515,Average
4,17,Male,Football,S008,2025-01-04,65,138,5.357955695139065,18540,87.9022454377405,62.72808342203116,Average
3,20,Female,Basketball,S002,2025-01-10,13,131,10.026372877468322,12867,74.16571979296293,52.23779512084343,Needs Improvement
6,23,Male,Football,S004,2025-01-08,20,139,6.671191272111789,7982,78.87246391966013,89.04659714315024,Average
4,23,Male,Basketball,S006,2025-01-06,30,135,2.9482931979968363,6689,49.05823858463977,54.216127493467766,Needs Improvement
5,20,Male,Basketball,S006,2025-01-08,44,149,6.089780496679231,9113,41.98106272862586,68.89306616971585,Needs Improvement
5,25,Male,Basketball,S009,2025-01-04,50,139,10.223293235774069,4444,84.861575813577,54.49325686515241,Needs Improvement
5,21,Male,Basketball,S004,2025-01-08,54,151,7.636401260437224,11165,70.74905014498518,68.88412184007085,Needs Improvement
5,21,Male,Basketball,S010,2025-01-05,58,149,7.123683883963818,13064,72.06797702369178,65.09402986293317,Needs Improvement
10,20,Female,Football,S006,2025-01-02,25,141,6.318814680662432,9759,64.99625219758776,80.15933991182858,Needs Improvement
6,17,Female,Football,S001,2025-01-06,50,143,7.186016767969161,2485,59.06403584548313,65.19886255446977,Needs Improvement
3,20,Male,Basketball,S007,2025-01-03,34,137,6.572262989726713,11176,55.131859811330926,56.64985797718295,Needs Improvement
9,21,Female,Football,S007,2025-01-08,61,120,8.042432862343313,3406,71.99726531111742,50.28366880425607,Needs Improvement
6,21,Female,Football,S003,2025-01-08,50,140,7.575947417191736,8853,97.19397517894939,64.4117213504264,Average
4,22,Male,Basketball,S004,2025-01-03,37,136,8.205646572143706,8735,82.45769981742063,62.58054698604473,Needs Improvement
3,22,Male,Basketball,S009,2025-01-04,45,135,7.60000753023824,3450,58.628956490094964,69.44747582625433,Needs Improvement
7,19,Male,Basketball,S008,2025-01-04,58,133,8.753060018961667,13454,77.90345966183021,80.80224704588984,Average
6,22,Female,Football,S008,2025-01-03,66,129,6.997869043690104,7856,69.05862754586326,62.04474729773653,Average
9,22,Male,Football,S005,2025-01-06,35,140,8.358755403162958,14762,77.72911037579313,74.58823467212608,Needs Improvement
1,23,Male,Football,S003,2025-01-06,57,126,8.148285027257575,4063,67.74125680704606,91.26082723494777,Needs Improvement
3,20,Male,Football,S004,2025-01-07,29,141,6.180209245244862,7496,56.222613951275115,72.36656287316029,Average
9,21,Male,Football,S002,2025-01-06,30,126,8.372124380413315,10898,72.76849747661124,62.471607307210384,Needs Improvement
6,23,Female,Football,S003,2025-01-10,61,140,5.549341053807208,10105,106.78386238343853,72.88253549131171,Needs Improvement
8,23,Female,Football,S010,2025-01-10,76,121,3.919705686305891,18665,62.70813933708188,84.3786474626264,Needs Improvement
5,22,Male,Football,S008,2025-01-04,43,134,6.787818805995035,4190,77.13287158890222,54.18846222112833,Needs Improvement
9,18,Male,Basketball,S005,2025-01-04,64,122,5.813159461779679,5761,71.81942691165467,47.7634921262096,Average
2,20,Female,Football,S006,2025-01-08,58,149,7.254324836188952,12046,65.63754983567156,81.16134698384207,Average
7,22,Female,Football,S009,2025-01-02,45,134,4.7056616693623,4071,48.441990095647604,74.22006762303836,Needs Improvement
4,26,Male,Basketball,S006,2025-01-01,31,141,7.632680524192247,10117,62.59774273472925,64.77421666513702,Needs Improvement
7,22,Female,Football,S004,2025-01-08,39,138,7.536197031089524,4982,90.73314824401649,59.603881629713776,Needs Improvement
4,22,Male,Football,S007,2025-01-09,56,130,8.694054706187902,9247,60.90197135863282,78.15288136932246,Average
1,21,Female,Football,S003,2025-01-01,51,152,7.461560029597495,6074,95.24638416773558,79.03339721133565,Average
6,21,Male,Basketball,S008,2025-01-06,66,132,7.3209763330581366,7144,54.87999052596216,65.58160149142311,Needs Improvement
6,17,Male,Basketball,S008,2025-01-03,53,135,5.372563756485747,10282,68.67463719154266,61.75519419171417,Average
4,25,Male,Basketball,S003,2025-01-02,38,138,5.351551162867439,1821,74.34802485768857,60.38340584302142,Needs Improvement
0,18,Male,Football,S002,2025-01-01,63,124,7.618622345908158,9848,79.47269319054499,59.50378595424787,Needs Improvement
6,21,Female,Basketball,S004,2025-01-06,50,151,11.074297778676167,10132,81.94509946695577,72.91868743199595,Needs Improvement
8,22,Female,Football,S007,2025-01-09,40,152,6.002220499350507,8124,48.94044229965391,58.94064789273655,Average
6,23,Female,Basketball,S005,2025-01-05,47,146,5.898378664689616,8010,96.89321573913236,74.768866010126,Needs Improvement
4,24,Female,Basketball,S006,2025-01-04,35,145,6.586510033137671,9391,71.95520022188254,72.23434396710599,Needs Improvement
5,23,Male,Football,S009,2025-01-09,70,123,6.689571876651676,12038,59.82510727143557,79.16137810698498,Average
8,22,Male,Football,S002,2025-01-03,47,134,8.178548132628677,8411,74.9451082929088,77.85596106507882,Needs Improvement
1,22,Female,Football,S003,2025-01-03,33,125,9.559907594285574,14409,46.12478412412189,78.5428280919461,Average
9,22,Male,Football,S004,2025-01-06,47,126,6.635255173045487,10114,84.6224916108068,54.34276791278021,Average
4,21,Female,Basketball,S008,2025-01-03,59,131,10.051863820846593,8690,54.86769011256491,56.16993644804921,Average
7,24,Male,Basketball,S004,2025-01-01,39,146,8.013986814583765,14348,111.23515879890189,67.16976222671144,Needs Improvement
7,21,Female,Football,S001,2025-01-07,17,125,7.439341605446618,8501,69.20420921582325,83.95554980089004,Needs Improvement
6,23,Female,Football,S003,2025-01-06,53,141,7.019735038011021,8050,109.86123085723173,66.92741247034623,Average
3,21,Male,Basketball,S004,2025-01-09,39,132,9.798075118507713,4611,101.76723713845023,55.538963779834965,Needs Improvement
5,21,Male,Basketball,S002,2025-01-05,45,125,6.464078914717337,7219,65.54577191283967,63.37518260324268,Needs Improvement
8,22,Male,Basketball,S005,2025-01-05,64,108,5.1323256896650875,15027,88.68462004540793,62.767731542613575,Average
9,21,Female,Basketball,S006,2025-01-09,51,143,5.604439889592044,13961,96.1142359546571,72.391453270215,Average
6,21,Female,Basketball,S010,2025-01-10,53,131,10.988947688941,9989,55.141628804004185,51.85447384617799,Average
10,25,Male,Football,S001,2025-01-04,37,149,8.503047035346501,2474,69.00538794523094,60.51609928504166,Needs Improvement
7,21,Male,Football,S001,2025-01-08,56,154,8.024786098891457,7863,66.1699407966304,63.58877833977682,Needs Improvement
5,22,Male,Basketball,S005,2025-01-07,42,150,6.099099255127394,8706,81.66929446359086,75.0885405094353,Needs Improvement
15,20,Male,Basketball,S006,2025-01-07,25,149,10.581350163411173,8488,45.37780979533453,53.48421244840094,Average
9,22,Male,Basketball,S010,2025-01-02,41,155,5.034655770549515,10693,78.835943985757,61.42889183047905,Average
5,22,Female,Football,S003,2025-01-05,42,141,7.224075533328294,6898,70.19157020398006,47.7268130868427,Needs Improvement
3,24,Female,Football,S002,2025-01-10,41,146,8.730533359980805,12552,74.8938536568166,64.21799144033446,Needs Improvement
4,22,Male,Football,S002,2025-01-10,83,132,7.232064613205661,9931,94.220945765078,65.68279779456802,Average
5,24,Female,Basketball,S005,2025-01-04,61,136,8.809647946990085,6415,91.52265254708406,61.48949720949968,Average
-1,20,Female,Basketball,S007,2025-01-08,34,151,6.4411705559605865,8555,93.88774058527936,71.30043886631113,Average
7,20,Male,Football,S009,2025-01-08,54,138,6.565351933180309,3141,85.48105726662645,65.08133929251055,Needs Improvement
7,21,Female,Basketball,S006,2025-01-07,46,164,9.484048212964469,11619,58.258545956344065,67.24899409034855,Needs Improvement
6,21,Male,Football,S008,2025-01-04,54,157,7.914668611803307,4938,91.47640736028103,63.52253184237482,Average
12,21,Female,Football,S003,2025-01-02,69,118,6.191684971568303,7883,94.68678660648193,77.2543163422277,Average
3,21,Male,Football,S009,2025-01-05,36,141,4.700000194024706,17669,75.99258988507712,62.181484052584146,Needs Improvement
8,21,Female,Football,S009,2025-01-08,55,121,6.218886546965105,5792,77.4727665904345,75.94992144777108,Needs Improvement
7,22,Male,Football,S007,2025-01-06,55,140,8.379649080526844,732,112.59020830549889,54.29345644364094,Needs Improvement
7,22,Female,Football,S006,2025-01-01,52,124,6.6931966748687115,10294,49.1415582413066,62.37336131288817,Average
6,21,Male,Basketball,S001,2025-01-02,53,145,6.689616434494295,8949,52.0442700052954,90.18919440968634,Needs Improvement
1,22,Female,Basketball,S008,2025-01-01,58,133,6.4793652677937175,7922,92.1035465979139,73.1808011826025,Average
7,22,Female,Football,S004,2025-01-06,49,126,8.112895559683016,7957,80.45493099148851,53.645852665748805,Needs Improvement
3,19,Female,Basketball,S003,2025-01-09,46,152,6.608399233901833,11712,49.25989681273266,75.30893992008849,Needs Improvement
4,23,Male,Basketball,S006,2025-01-06,73,129,9.67402691178692,15524,65.21286969055518,65.7664819578429,Needs Improvement
10,23,Female,Football,S006,2025-01-07,60,146,9.643580771141485,3611,110.2119071186917,74.29893453747509,Needs Improvement
6,24,Female,Basketball,S009,2025-01-07,26,132,4.770554564366801,8838,33.26519301104263,79.6487680194619,Needs Improvement
8,23,Female,Football,S008,2025-01-10,58,146,5.97724499609203,14500,105.53393278204996,93.17513967867507,Needs Improvement
13,21,Female,Basketball,S004,2025-01-01,22,162,6.4068602519808,10072,87.54645093767711,54.96550867494426,Average
4,18,Male,Basketball,S008,2025-01-05,30,110,12.193322031215246,8873,56.684163290741985,56.531183222302374,Needs Improvement
6,25,Male,Football,S006,2025-01-03,91,132,5.937251206860562,10249,94.1193422351361,69.84089601452098,Needs Improvement
4,21,Female,Football,S002,2025-01-05,39,154,5.729353377978633,10594,58.77120855058715,64.62725166988139,Needs Improvement
4,24,Female,Basketball,S008,2025-01-02,54,156,5.360702047707301,8530,94.65010296307352,75.00640233056221,Needs Improvement
11,21,Male,Football,S010,2025-01-07,37,127,7.616582367447102,5634,48.67491492019337,83.24058245959151,Needs Improvement
3,22,Male,Basketball,S003,2025-01-07,60,144,6.43162131962871,10938,88.50669328332037,52.37130800762391,Needs Improvement
6,21,Male,Football,S006,2025-01-02,49,154,6.059827504833757,11778,108.35537335120078,80.66584555081502,Average
14,21,Male,Football,S005,2025-01-05,68,150,8.037681976408239,15760,72.86177306627258,78.72865751285251,Needs Improvement
3,22,Male,Football,S009,2025-01-09,56,157,10.651792856475092,16524,83.61032217422203,78.86421229368045,Needs Improvement
8,22,Female,Basketball,S001,2025-01-07,62,129,9.7442823846797,7726,82.8487492875932,59.52215523218395,Needs Improvement
7,19,Male,Football,S001,2025-01-03,66,156,6.029062349711518,8993,39.861391327990674,79.54683505499621,Needs Improvement
9,22,Male,Football,S002,2025-01-03,50,145,4.848859171146418,11071,80.14673934789803,77.41410841627422,Needs Improvement
3,21,Male,Basketball,S002,2025-01-10,51,144,6.192628104517885,15398,104.35589264311034,63.63674280785929,Needs Improvement
6,20,Male,Basketball,S004,2025-01-01,47,133,10.001118323177375,6578,105.35953189949004,66.53287800511441,Average
1,24,Female,Basketball,S007,2025-01-08,43,131,9.175223940965566,9701,86.3368437910807,60.69573766659323,Needs Improvement
8,22,Female,Football,S003,2025-01-10,73,144,5.422225211956914,7449,39.85274975778584,69.38151236049629,Average
4,21,Female,Basketball,S010,2025-01-01,19,152,6.684732776314489,13856,64.0596476742362,52.78671153345235,Average
7,21,Male,Football,S009,2025-01-09,16,141,6.410982817423196,8041,79.21445794125309,71.61573966321129,Average
7,22,Female,Basketball,S004,2025-01-06,49,149,9.826441145089156,8278,107.05563457657715,78.0804484260739,Needs Improvement
9,21,Female,Basketball,S010,2025-01-05,61,123,5.940930040092379,16473,44.24100972087873,72.17728519847833,Average
5,22,Male,Basketball,S009,2025-01-02,27,130,5.1905544692395695,3972,41.00534058127576,65.17469761722823,Average
5,22,Female,Basketball,S002,2025-01-06,51,144,7.746141374526509,8923,63.85918096305893,59.17044839444908,Average
4,25,Male,Basketball,S001,2025-01-05,45,142,4.7556816675553595,15296,100.89086098322494,71.05911361336614,Needs Improvement
8,20,Female,Basketball,S001,2025-01-05,54,152,4.063927901339261,10280,73.76360986921189,68.15145658906721,Average
9,20,Male,Basketball,S001,2025-01-08,36,148,9.06767626113474,7290,43.262448714515656,61.23390616395214,Average
10,19,Female,Football,S006,2025-01-01,56,122,9.864442222472922,15705,74.3924724419339,72.3374299644764,Average
4,22,Female,Football,S007,2025-01-07,51,123,8.121922325684096,5715,71.115071709731,55.11828890901943,Needs Improvement
3,20,Female,Football,S001,2025-01-09,93,127,9.064420670621198,15534,94.83533414739675,82.44697862763766,Average
8,22,Male,Basketball,S006,2025-01-06,8,132,8.665265368849532,6932,90.98506716370719,63.70152502481194,Average
3,24,Female,Football,S010,2025-01-01,54,118,5.980793817993975,10814,66.05766288096166,53.749192863466654,Needs Improvement
8,22,Male,Football,S006,2025-01-08,55,145,4.691889102239436,11595,74.82862064341109,62.51084124026027,Average
14,24,Female,Basketball,S002,2025-01-10,60,149,8.777229058590153,8931,83.56318666895883,67.23094535742091,Needs Improvement
1,23,Male,Basketball,S001,2025-01-08,40,128,8.709365966597638,2948,62.180039082388895,67.75461060825944,Needs Improvement
6,21,Male,Football,S010,2025-01-07,37,144,8.057032457415547,8794,98.57885616807506,77.67118459428855,Average
10,22,Male,Basketball,S002,2025-01-03,53,142,6.87982445379079,8075,49.1741870151879,62.44766145182581,Average
2,21,Female,Basketball,S008,2025-01-06,51,133,5.965135107799334,9392,87.32609194844417,67.4272556234403,Average
0,26,Male,Basketball,S006,2025-01-08,80,125,6.394565049805251,13543,68.06222765597681,62.5308761984773,Needs Improvement
6,25,Male,Football,S010,2025-01-03,34,144,5.161227053091313,12570,69.14271098319982,54.8992503908383,Needs Improvement
4,21,Female,Football,S001,2025-01-08,37,137,7.852400744655251,8042,87.68725327413418,65.38105994711931,Average
5,24,Male,Football,S008,2025-01-07,31,133,9.606370516535595,12316,54.04398825414613,69.58316028049309,Needs Improvement
9,22,Female,Basketball,S003,2025-01-04,11,149,5.856423388108417,12042,46.338858704771994,41.683810780928,Needs Improvement
5,23,Male,Football,S009,2025-01-07,50,135,5.885141582355541,10858,66.93373677259552,83.27244262159752,Needs Improvement
8,21,Female,Basketball,S001,2025-01-02,69,136,6.3353595107395675,10375,65.71435160099948,54.55568949830865,Needs Improvement
2,21,Female,Basketball,S006,2025-01-10,78,122,8.860306256638314,4340,52.13704387806699,44.70086363365125,Average
8,20,Male,Basketball,S009,2025-01-09,60,162,8.194225960507982,6610,81.86015799653075,47.666772275535095,Needs Improvement
9,23,Male,Football,S004,2025-01-10,38,148,6.445306788562471,10755,53.84965129863312,67.02239913529469,Average
8,22,Female,Football,S002,2025-01-09,60,133,4.353660693936881,9082,123.93385204233405,72.2244160693614,Needs Improvement
9,24,Male,Football,S009,2025-01-04,47,132,6.057341619921507,8404,65.38846717828636,53.978518043609085,Average
3,22,Male,Football,S003,2025-01-05,57,127,6.0663781397793315,15942,68.77310557961354,62.606104858453904,Average
8,22,Female,Football,S001,2025-01-07,59,153,7.15943439362984,12328,40.71780556845004,46.56618021848473,Needs Improvement
7,24,Female,Basketball,S005,2025-01-02,46,127,6.761312583166521,3284,47.94457225286304,71.10383329783096,Average
9,23,Male,Basketball,S007,2025-01-03,49,128,7.214917598175861,8998,59.52665047475175,74.18450179392819,Average
11,22,Female,Football,S009,2025-01-09,38,138,9.51929108578129,5968,73.15509476025997,75.007504843585,Needs Improvement
5,22,Female,Football,S003,2025-01-01,85,160,6.43108528452053,10818,84.81038966778134,67.32950217441027,Average
2,23,Male,Football,S007,2025-01-03,46,146,8.967169870025735,2986,66.15055708256835,78.20841327109795,Average
6,20,Male,Football,S010,2025-01-10,55,137,9.67461239155225,6612,91.47268890703957,69.84216536583209,Needs Improvement
6,23,Male,Football,S008,2025-01-03,55,144,4.333475578324476,8929,86.50038647310103,68.67652218757087,Average
4,19,Female,Basketball,S010,2025-01-02,61,142,7.928129368033426,2678,76.05734698138541,72.44661253532671,Average
5,25,Male,Football,S001,2025-01-02,70,143,8.861417227518656,13840,104.46280770729025,62.186934117745125,Average
6,20,Male,Basketball,S004,2025-01-09,62,138,8.320261293751557,12524,76.90548839735546,72.85961849125376,Average
2,20,Male,Football,S004,2025-01-02,51,142,4.357887641972962,9350,72.31625040289775,80.31769341162799,Average
3,20,Female,Football,S007,2025-01-01,61,121,8.181482674568391,4121,75.32326266363835,82.26354707896184,Average
6,21,Female,Basketball,S010,2025-01-08,88,153,7.0796729784870385,8800,98.49800179969344,80.123349448358,Average
5,22,Male,Basketball,S009,2025-01-09,34,143,8.166744880045444,7622,88.58998987747287,66.52080825580681,Average
8,21,Male,Football,S003,2025-01-10,39,160,4.278168903435795,3918,75.19003988567464,56.01927883452219,Needs Improvement
7,21,Female,Football,S002,2025-01-05,29,141,8.682241614383337,10898,71.53190839908046,62.6492169207225,Needs Improvement
7,22,Male,Basketball,S003,2025-01-03,52,136,8.628426535669998,1523,91.87902322011978,60.083017246947435,Average
7,20,Female,Football,S001,2025-01-10,39,134,8.234607781374505,4168,59.06180364543985,58.63132760803525,Needs Improvement
13,23,Female,Football,S006,2025-01-09,34,154,5.440940362468103,15311,81.39958429362866,56.903852108006184,Needs Improvement
4,22,Male,Basketball,S003,2025-01-01,37,137,9.86925277899693,10670,73.63672138460821,56.65613509010189,Average
7,22,Female,Football,S006,2025-01-06,51,116,8.406242064148238,11063,101.5940235418301,58.07190606595417,Average
9,21,Male,Football,S003,2025-01-02,53,119,8.198678085423884,11664,61.142842425861375,81.26230424232114,Needs Improvement
6,24,Male,Basketball,S006,2025-01-05,60,136,5.9903106282297856,8672,91.33277821205337,75.1135308592653,Average
8,20,Female,Basketball,S002,2025-01-06,43,137,8.677642973955843,14876,67.32864894470872,65.54557080614487,Average
5,21,Female,Basketball,S007,2025-01-10,49,135,6.164006637421467,11100,107.38659523161733,71.82933210489776,Average
6,22,Female,Football,S003,2025-01-04,26,140,11.048618742542098,8160,71.87673811178442,53.95134479909929,Needs Improvement
6,24,Female,Basketball,S001,2025-01-04,66,142,7.521817133576499,8844,75.40933538417414,72.63713769355442,Needs Improvement
3,24,Female,Basketball,S001,2025-01-10,19,143,6.832527657628999,13346,68.15161018824877,75.83220664206907,Needs Improvement
6,22,Female,Basketball,S005,2025-01-08,57,135,6.3814092005617375,13124,71.30457453020725,64.15156000562325,Needs Improvement
6,22,Male,Football,S001,2025-01-03,55,112,6.055725912994989,5051,74.91396228730648,57.48631547644313,Needs Improvement
3,22,Female,Basketball,S004,2025-01-08,45,145,5.828110951382583,9638,80.91662901879177,77.81070462949339,Needs Improvement
7,20,Male,Basketball,S005,2025-01-09,28,124,7.203349362340436,13687,44.41528381056955,67.97580281621141,Average
6,21,Male,Football,S008,2025-01-06,32,149,7.4546675016680615,12471,57.57982882591381,75.51989843470132,Average
6,22,Female,Football,S009,2025-01-10,70,123,7.787183336300985,13100,111.22774651139639,56.92394745053644,Needs Improvement
6,24,Male,Football,S010,2025-01-01,76,171,7.104013905873662,5001,97.96955000486855,63.72635380889911,Average
4,21,Female,Football,S006,2025-01-05,25,149,7.120919695067057,13027,68.96063649196536,68.36667170112979,Average
8,19,Male,Basketball,S006,2025-01-09,53,157,7.560411573959223,10110,52.43605197567176,75.55576693040695,Average
8,26,Male,Basketball,S002,2025-01-04,23,145,7.231145489197404,11459,86.72859951600171,75.2001451641105,Needs Improvement
1,21,Female,Basketball,S008,2025-01-01,85,153,4.5047076874288745,11295,63.485562220621944,58.63754164371756,Needs Improvement
4,19,Male,Basketball,S001,2025-01-04,59,140,7.720961545248997,7269,52.86907412860581,63.77668611526441,Average
5,23,Male,Basketball,S008,2025-01-06,45,151,5.009493879737837,7698,66.6535354161291,60.18022775394778,Average
8,19,Female,Football,S007,2025-01-09,54,155,3.755909393379602,6803,97.33118601986682,70.85255070702591,Average
1,24,Male,Basketball,S003,2025-01-07,74,146,7.236507279063085,3178,56.52018067113702,78.96402849188132,Average
3,22,Female,Basketball,S001,2025-01-10,53,131,3.9946649321640466,2575,53.10204086086516,49.77242928186736,Needs Improvement
6,25,Female,Football,S006,2025-01-08,60,119,8.099847166835282,13669,87.21289352739723,72.07019513739117,Average
1,22,Male,Basketball,S006,2025-01-10,44,151,9.883608129518361,14161,78.5738779754433,66.21468143098902,Average
6,22,Male,Basketball,S001,2025-01-09,50,148,5.118376248904158,7600,76.14584481522058,58.88607075438545,Needs Improvement
3,23,Male,Basketball,S009,2025-01-08,44,127,6.693026201380751,11092,56.083674458721205,83.01998301186521,Average
4,20,Male,Basketball,S005,2025-01-02,82,139,8.986304970161305,10032,81.69379143620831,57.76037586863076,Needs Improvement
2,23,Male,Basketball,S010,2025-01-02,50,144,7.147655261979927,2197,56.34453285282959,67.62010551346005,Average
3,23,Male,Basketball,S008,2025-01-04,33,114,8.393569524041794,8139,72.65529850592496,71.98645452691594,Average
0,22,Female,Football,S003,2025-01-01,36,138,6.325084548922387,8788,101.25271976096052,75.31345987956973,Average
11,21,Male,Football,S010,2025-01-04,55,133,7.2316254643302775,15581,58.13336847142486,77.77502450384321,Average
10,23,Female,Football,S007,2025-01-04,73,128,10.070195606189083,15626,32.786277675355954,53.626908320047384,Needs Improvement
10,22,Female,Football,S005,2025-01-01,32,141,5.135701788097757,10630,49.43144040780646,76.22790525163515,Needs Improvement
2,21,Male,Basketball,S004,2025-01-06,59,134,7.470952260238914,10474,59.100242370655536,69.20102504725007,Needs Improvement
6,22,Male,Football,S006,2025-01-03,51,147,6.226361738473058,11829,72.37327764187837,59.712435057516615,Average
9,21,Male,Basketball,S007,2025-01-10,31,142,6.6354692058128215,8943,92.35040957183834,38.473592438427346,Average
9,21,Male,Basketball,S010,2025-01-09,41,150,12.210277666685855,6063,40.247895789874356,71.23106961206012,Needs Improvement
7,19,Female,Football,S003,2025-01-02,62,148,6.495010440354741,8228,69.71246514538294,78.23973610209129,Needs Improvement
3,25,Female,Football,S006,2025-01-02,48,130,7.64046095266101,5698,94.82471518095223,47.801074984853,Needs Improvement
8,21,Male,Basketball,S005,2025-01-06,79,143,6.338118603442431,11540,51.92871832449056,70.0747931595385,Needs Improvement
-1,22,Male,Basketball,S009,2025-01-04,44,140,6.955402714601713,6390,85.25638356778009,71.51289954854188,Average
11,27,Female,Football,S010,2025-01-02,54,131,9.091245135857891,12009,83.53654150789731,71.41862747254844,Needs Improvement
5,21,Female,Football,S009,2025-01-08,53,144,6.870356432327299,12244,82.71102023113367,65.4715680868544,Needs Improvement
7,21,Male,Basketball,S001,2025-01-09,50,132,9.938740255265508,9533,75.23930206926028,67.47503257820455,Needs Improvement
9,20,Male,Football,S004,2025-01-03,54,130,9.577948514091865,11010,48.80591209880433,50.66060893291777,Needs Improvement
6,22,Male,Basketball,S008,2025-01-10,63,155,7.790898626290984,8041,51.3248794679143,63.254866380962454,Needs Improvement
6,21,Female,Basketball,S008,2025-01-08,50,141,8.898098229504246,8948,76.39393755371049,74.19981773723792,Average
8,20,Female,Basketball,S006,2025-01-01,50,127,7.005316707889474,11186,81.07313521358289,72.72077711535492,Average
6,23,Female,Basketball,S008,2025-01-03,61,134,10.468508028704072,2373,66.5038367421356,46.39372384145349,Needs Improvement
5,22,Male,Football,S004,2025-01-01,48,155,7.4085466830208135,2870,83.46548520319286,64.78917834319573,Average
10,22,Male,Football,S001,2025-01-09,30,135,6.698502420489245,5394,55.04872290734694,72.74521743060207,Average
9,24,Female,Basketball,S007,2025-01-08,49,133,6.132299057854393,8994,61.411569599783405,56.176782793060966,Average
6,23,Male,Basketball,S001,2025-01-05,39,136,8.174275953867177,10958,77.11190100743028,54.770007370455275,Needs Improvement
7,19,Female,Basketball,S002,2025-01-05,68,142,9.586689432909669,15151,87.67343522153918,70.68685075828849,Needs Improvement
3,22,Female,Basketball,S009,2025-01-08,42,143,6.8552541119887875,12970,39.29790576575561,83.0436710022885,Average
2,22,Female,Football,S005,2025-01-10,35,143,8.498978786636822,12535,94.96847731693475,59.38762750030027,Average
2,22,Female,Basketball,S004,2025-01-03,52,138,7.18349437268355,10782,48.25389737061073,70.98721207178333,Average
7,23,Female,Basketball,S008,2025-01-09,40,117,6.657223470130784,5573,68.81236887485659,68.30618873113829,Average
7,23,Male,Football,S005,2025-01-05,72,146,8.683110851129854,11356,66.98403231008685,60.15550383369367,Average
7,20,Female,Football,S002,2025-01-04,52,140,9.774789550755067,11457,98.18652681185205,53.905866086937195,Average
8,22,Male,Football,S004,2025-01-02,56,130,5.946213639779646,8847,88.67749297682941,78.55964068738743,Average
7,21,Male,Basketball,S009,2025-01-04,46,144,5.5204519080261445,5997,77.13254181790393,74.38268898353311,Needs Improvement
10,20,Female,Football,S004,2025-01-01,39,140,7.769800002923858,10591,71.69385520727593,62.97709695544454,Needs Improvement
9,24,Female,Football,S008,2025-01-03,69,138,5.726233578515634,8390,98.02268765241146,64.11021969861885,Needs Improvement
9,23,Male,Basketball,S003,2025-01-03,53,139,5.295248911969617,6240,78.3081216961329,67.35209107304114,Average
7,23,Female,Football,S007,2025-01-03,18,141,7.193084542720655,7698,113.25904791940818,54.370682626550256,Average
8,22,Male,Football,S007,2025-01-03,57,140,7.656288885103855,10501,85.81349215913654,74.08709641109726,Needs Improvement
8,20,Male,Basketball,S003,2025-01-04,73,131,6.425273419081214,12469,98.77808306816073,60.89804141179699,Needs Improvement
8,21,Male,Basketball,S002,2025-01-09,42,156,8.095813129797587,10196,46.0385848348537,88.40083108424807,Average
6,21,Male,Football,S002,2025-01-10,50,139,6.041181412966786,5907,87.65156880424826,65.77628303549471,Needs Improvement
9,22,Male,Football,S005,2025-01-09,66,135,9.411979020465845,7021,50.575654395861186,51.70957643193459,Average
5,17,Male,Basketball,S008,2025-01-07,68,124,7.53882536705906,12224,55.41200102601351,60.0102176243466,Average
9,19,Female,Basketball,S009,2025-01-08,74,135,6.127071691179475,9398,93.70962571592382,37.04945011541428,Needs Improvement
-1,21,Female,Football,S005,2025-01-04,41,148,7.72724190286059,12852,70.22320566998944,60.878755224376036,Needs Improvement
8,22,Female,Basketball,S009,2025-01-06,53,145,6.983579789292449,13149,59.946677315162574,56.81854499453887,Average
8,21,Female,Football,S001,2025-01-07,58,137,4.01859440293855,5531,76.68840775014388,54.681279978525694,Average
0,26,Female,Basketball,S006,2025-01-10,84,131,6.950308311077155,6830,81.10262213745116,54.050973616151055,Needs Improvement
9,20,Female,Basketball,S002,2025-01-04,63,137,8.58724205550711,7378,80.76135421156955,71.32393824732654,Average
0,22,Male,Basketball,S007,2025-01-03,35,133,5.775678578230223,8775,61.41563230725067,61.550940712084675,Average
5,21,Male,Basketball,S003,2025-01-02,67,133,9.973678807041026,10448,70.88102693172524,77.0367565309789,Average
7,21,Male,Basketball,S004,2025-01-02,35,137,8.872823114755345,6341,64.55252454267918,65.52214947406334,Average
7,21,Male,Basketball,S007,2025-01-09,27,127,7.680531257819818,4580,89.19793408845038,87.49784619663762,Average
7,19,Female,Football,S006,2025-01-08,45,128,10.561148264846565,9235,73.4959509892738,53.847837910638205,Needs Improvement
4,21,Male,Football,S005,2025-01-07,34,130,9.56122642845637,6230,62.784855644508504,48.64214164811881,Average
6,22,Male,Football,S005,2025-01-05,13,120,10.242736689254368,2730,87.21690600039676,64.84231208981599,Average
2,20,Male,Football,S003,2025-01-10,63,144,4.647883964959728,12371,39.5216554122733,52.48174262905773,Needs Improvement
8,21,Male,Basketball,S001,2025-01-06,50,139,5.449233603577891,10528,65.96891685745658,71.78154136285909,Needs Improvement
3,24,Male,Football,S009,2025-01-08,34,150,7.865278926877969,10933,105.3480722072925,72.55404770045617,Needs Improvement
4,21,Male,Basketball,S010,2025-01-04,37,123,7.848902332484239,5994,67.66521834926894,57.47743607908705,Average
4,22,Male,Basketball,S009,2025-01-05,75,142,4.46148971135805,11472,64.1948349109836,63.191727154668776,Needs Improvement
7,23,Male,Football,S006,2025-01-09,43,145,6.389891281951584,12271,47.83169315727677,61.259818305982975,Needs Improvement
5,20,Female,Football,S006,2025-01-06,58,153,7.5616082439382435,13896,86.24889143440784,71.71809014704391,Average
5,24,Male,Football,S001,2025-01-08,43,135,7.59878659040443,4592,70.16281368170621,68.74531816303305,Needs Improvement
4,25,Male,Basketball,S003,2025-01-10,76,151,8.182602299332402,10753,66.64009223866915,75.10815343880213,Needs Improvement
12,25,Female,Basketball,S004,2025-01-09,20,118,8.463395768947741,9578,81.91305704853261,56.82258255134841,Average
6,22,Female,Football,S009,2025-01-06,43,129,7.39583953091801,11029,73.20530514968672,58.72515498934783,Needs Improvement
9,23,Female,Basketball,S005,2025-01-05,68,140,6.974396959864131,11204,63.81226264801504,45.26076996067668,Average
3,22,Female,Football,S008,2025-01-07,30,135,8.476565772648474,7357,92.11501195721118,65.99442400837879,Needs Improvement
9,22,Female,Football,S003,2025-01-09,20,160,8.449275753236636,12158,70.07927095897338,69.63585731611748,Needs Improvement
10,19,Female,Football,S002,2025-01-02,88,127,8.764916913004718,10509,65.3671730528653,82.08255779360033,Average
10,22,Male,Basketball,S006,2025-01-09,48,143,7.8779310046908675,-396,79.03078318311546,53.89742699331259,Average
7,20,Female,Football,S005,2025-01-01,80,129,9.833062203917354,9913,85.84824493347587,77.16858191949963,Average
8,22,Male,Football,S009,2025-01-09,71,143,7.047139001780112,7669,70.08587599858488,72.63776237963326,Needs Improvement
-2,21,Male,Basketball,S005,2025-01-01,70,146,5.1790467601401815,4395,81.36512420025977,64.65650776464847,Needs Improvement
1,24,Male,Football,S002,2025-01-06,26,137,6.337560968985335,10478,40.70517774895886,77.2014529359094,Needs Improvement
10,24,Female,Basketball,S010,2025-01-03,67,146,10.175599247054542,-423,96.70070585923706,77.091584496643,Needs Improvement
6,23,Female,Football,S006,2025-01-07,47,124,7.9045874614525555,4253,76.9408016266579,62.915699640500364,Average
7,23,Female,Basketball,S003,2025-01-08,57,147,8.445342223840067,9969,59.65282217728871,62.73337772431296,Needs Improvement
7,22,Male,Football,S004,2025-01-09,65,130,8.012216767199812,6727,80.56779364595475,68.46232984966329,Needs Improvement
8,22,Male,Football,S010,2025-01-02,43,129,5.897488062280632,9422,85.11639719933086,79.90634133380209,Average
6,22,Female,Basketball,S010,2025-01-03,55,140,6.639428758418637,11818,71.34932088426343,60.80327081435925,Average
3,23,Male,Football,S002,2025-01-03,34,140,6.220076696839877,13233,77.06660898420304,83.27437006090597,Needs Improvement
3,19,Male,Football,S005,2025-01-06,25,137,7.051901496115665,3695,60.97955696803301,75.91231461816598,Average
7,21,Male,Football,S010,2025-01-03,56,124,6.202438212222505,2314,93.13725242694954,74.11194912607951,Average
9,21,Male,Basketball,S008,2025-01-01,39,121,6.285506334014205,11024,58.06728202171869,57.890814915724526,Average
6,22,Male,Football,S002,2025-01-03,42,141,8.278750954968395,9610,89.51325021268143,62.91611587298124,Average
2,24,Male,Basketball,S010,2025-01-02,37,138,9.286120631071128,7404,59.99711341803186,73.28725930876216,Average
5,19,Male,Football,S003,2025-01-06,64,146,10.997240640422127,10098,95.60502361747855,77.876401253527,Needs Improvement
1,23,Female,Football,S006,2025-01-01,52,128,6.7100381076659765,11729,64.45122862487764,55.531974719693714,Average
5,21,Male,Football,S002,2025-01-01,49,158,5.4846369425571515,9358,61.93134335685451,74.25496317749705,Average
6,20,Male,Football,S003,2025-01-05,51,134,10.291108773261078,5999,36.40451647023923,35.14632590893899,Average
4,23,Female,Basketball,S002,2025-01-03,51,140,5.887708465304342,5750,78.26329117930665,56.82917494103984,Needs Improvement
9,22,Male,Basketball,S006,2025-01-07,46,145,6.138503203935484,9730,100.49908956778778,69.44479357014171,Needs Improvement
9,23,Male,Basketball,S002,2025-01-08,49,136,8.348777472217114,16214,54.1831050514839,74.36791811297547,Average
9,25,Female,Basketball,S004,2025-01-10,49,139,7.454411087263289,13126,64.42929524421154,80.74874907746822,Average
8,22,Female,Basketball,S004,2025-01-02,54,135,5.459787294904234,8675,51.32558085114782,74.41809047566798,Average
1,21,Male,Football,S002,2025-01-06,91,120,6.701579780030898,7175,76.98137390631265,60.91824991253196,Average
9,19,Female,Basketball,S001,2025-01-08,25,144,3.497256906000907,10189,94.76401727302145,61.545330940921886,Needs Improvement
5,22,Male,Basketball,S002,2025-01-08,53,135,8.549302490376116,13953,61.475838361511286,63.153725638284605,Needs Improvement
3,21,Female,Football,S006,2025-01-07,64,127,5.321543313278983,11618,66.35304956347963,58.31470426985206,Average
11,24,Male,Basketball,S008,2025-01-01,55,127,8.421968794465931,9158,58.87995382336217,47.164435722846534,Needs Improvement
5,23,Male,Football,S005,2025-01-02,47,150,9.373205709630469,16264,98.77561607685941,71.8418367423181,Needs Improvement
6,23,Male,Basketball,S006,2025-01-04,43,141,6.823800706174349,14325,76.19123246931724,79.11330625038215,Needs Improvement
3,18,Female,Basketball,S003,2025-01-06,74,130,5.777036829069077,5265,82.300721737309,70.70403487180712,Average
4,22,Male,Basketball,S008,2025-01-08,49,147,6.8325394097859,8016,80.596288059416,68.25745927653429,Average
6,20,Male,Basketball,S001,2025-01-08,30,129,7.850517023607719,8587,78.88677515681925,52.175098272991804,Needs Improvement
7,19,Male,Basketball,S005,2025-01-10,39,115,9.452916835642164,6275,55.85388960300994,61.00196952087069,Average
10,20,Male,Football,S005,2025-01-10,37,126,8.961274337054828,7982,77.86618160204951,77.37763736271661,Average
6,20,Female,Football,S010,2025-01-10,50,138,10.43390233332843,8699,38.640180730451135,66.37835361795707,Average
6,23,Female,Football,S010,2025-01-03,54,137,7.979191893136319,11511,50.70014840421874,79.61751993774176,Average
7,25,Male,Football,S009,2025-01-04,52,129,10.134199552230893,9380,85.0515431342705,57.40572645802154,Needs Improvement
1,25,Female,Football,S002,2025-01-01,44,144,6.817769614465913,6439,90.14420779766158,65.38177228027457,Average
4,24,Male,Basketball,S004,2025-01-09,64,140,7.38069889481805,5245,97.73525878002226,63.92983516563444,Average
9,19,Male,Football,S001,2025-01-08,62,134,9.144449614054246,-648,89.18669665258525,64.32013958027825,Average
2,22,Female,Football,S005,2025-01-03,26,141,7.014002606506531,10082,86.35988298104614,55.572511676819914,Average
4,21,Female,Basketball,S006,2025-01-05,41,141,5.285477052115747,13721,79.9399660341214,42.385279770042075,Needs Improvement
15,24,Female,Basketball,S010,2025-01-06,61,133,6.609110029889907,13025,72.24000976171514,62.17515440711978,Needs Improvement
6,24,Female,Football,S005,2025-01-06,66,125,8.835259588896129,5133,61.35475357220939,77.09873397435514,Needs Improvement
12,22,Male,Basketball,S009,2025-01-02,49,130,7.577976692938786,6808,71.89099571617334,78.23660200733659,Average
3,22,Male,Football,S001,2025-01-05,67,133,6.701932488442772,9483,52.535071707956355,79.69876110646743,Needs Improvement
3,22,Male,Football,S008,2025-01-03,42,138,8.510153500174756,12436,82.82130686870143,47.99547950499671,Needs Improvement
8,24,Female,Basketball,S004,2025-01-02,53,138,6.176347532833484,5410,76.68688245083139,55.83705011074229,Needs Improvement
1,18,Male,Basketball,S007,2025-01-01,68,131,5.572409649881266,3284,43.19462424498632,79.46655950755157,Average
5,23,Male,Football,S007,2025-01-05,60,133,5.232597870906202,9837,77.94287926923006,63.151460270841696,Average
4,19,Female,Basketball,S006,2025-01-06,40,132,1.1451048621017588,6861,59.77320583339308,75.40827900714092,Needs Improvement
10,22,Female,Football,S006,2025-01-08,45,147,8.934876291384384,8588,86.57481021290496,80.8497334074812,Average
3,21,Female,Football,S007,2025-01-08,37,141,8.727236031603773,7065,74.34525272688994,72.92388173295323,Needs Improvement
6,22,Male,Football,S008,2025-01-10,50,125,8.403519525214882,9562,82.74625085288656,66.04351939533107,Needs Improvement
8,18,Male,Football,S003,2025-01-09,44,132,7.732880223305191,11506,88.66002948173562,62.476479827879054,Average
7,23,Female,Basketball,S001,2025-01-09,53,134,7.329521585802155,4971,78.885154176784,69.43850703314513,Needs Improvement
11,22,Female,Football,S003,2025-01-02,67,141,7.5090397457810845,9301,34.96972651361079,74.34994753971972,Needs Improvement
12,24,Female,Football,S006,2025-01-05,47,122,8.691890611476227,67,71.48270222730669,66.53456109285084,Average
-1,24,Female,Football,S002,2025-01-10,23,150,7.970372113302512,8343,86.03473736501505,72.60617585179267,Average
7,19,Male,Basketball,S006,2025-01-03,80,147,8.672940767645597,17297,51.27177112294464,66.90696535806222,Needs Improvement
4,22,Male,Football,S002,2025-01-05,49,155,7.831604409637545,15311,89.43282106966672,64.2902876259391,Average
3,21,Male,Football,S008,2025-01-02,32,118,8.428867857639466,12554,92.46507174559724,62.56518904086407,Needs Improvement
8,19,Female,Football,S006,2025-01-05,91,128,6.296334186792439,8151,64.85101741517454,38.07815990667021,Average
4,23,Female,Basketball,S003,2025-01-05,41,146,8.134864867786403,7128,84.0328154891009,61.942476162977954,Average
5,20,Female,Basketball,S008,2025-01-04,67,134,10.180516807463173,3177,69.22222129672366,59.60979197478298,Needs Improvement
3,22,Female,Football,S007,2025-01-05,58,135,3.4982657083342747,6449,74.43100378152117,53.92409765589331,Needs Improvement
2,18,Male,Basketball,S006,2025-01-03,38,143,8.01374000064841,6516,99.9402564918868,73.63465353204634,Needs Improvement
4,24,Male,Basketball,S009,2025-01-02,67,152,4.705784072196228,2853,70.36791803317413,56.50004443684949,Average
8,22,Female,Football,S004,2025-01-09,66,165,6.731732253863141,1120,29.941572180574184,86.75012549772026,Average
7,21,Female,Football,S006,2025-01-05,54,143,11.199794188391758,2297,57.71258075715205,57.49012539343741,Needs Improvement
6,21,Female,Football,S008,2025-01-10,50,122,9.406720516638647,8198,62.71260107887004,84.93064891866018,Average
-1,21,Male,Football,S006,2025-01-10,40,142,6.865703583578387,1114,77.05123668441824,71.61707876008643,Average
8,24,Male,Basketball,S002,2025-01-06,48,126,10.95723054683353,13825,71.73771361398742,61.42061451443303,Needs Improvement
3,21,Male,Basketball,S005,2025-01-03,38,142,4.336762447724804,14540,56.5230701427937,56.08162675945876,Average
5,21,Male,Basketball,S004,2025-01-10,26,123,9.026735132043441,7967,36.87237112984147,83.3359853893692,Needs Improvement
2,25,Male,Basketball,S001,2025-01-06,41,154,5.706670707750208,7342,69.85960888771297,72.96297304763911,Average
2,22,Female,Football,S008,2025-01-02,33,131,3.4135637530747935,5175,83.15529703592608,79.21631001857118,Average
2,23,Male,Basketball,S007,2025-01-07,27,150,5.2198490785952325,10317,53.63798999012337,80.59468135817,Average
3,20,Male,Basketball,S001,2025-01-03,45,142,9.404379832896035,8208,90.4445075556747,43.178471211417815,Average
4,23,Male,Football,S005,2025-01-05,42,112,7.436101922489102,16386,60.55560813947226,78.4743642680761,Needs Improvement
9,26,Female,Football,S003,2025-01-06,59,129,9.297589203925675,8410,75.74001221962058,70.21001690805197,Average
13,26,Male,Basketball,S001,2025-01-03,28,144,8.067570109932783,7612,73.36255637338564,72.06496532414926,Needs Improvement
4,24,Female,Football,S006,2025-01-01,44,121,6.587753700887988,7510,72.73515430709723,39.16186059252558,Needs Improvement
5,20,Male,Football,S007,2025-01-08,31,120,6.081520991195003,10603,62.60536830798837,67.84413520289456,Average
5,20,Male,Basketball,S001,2025-01-10,21,145,8.65541095381541,3998,66.2647739605542,67.90254856140179,Average
5,23,Male,Basketball,S003,2025-01-10,57,160,7.009251468511397,3001,71.25883323463154,51.19545702968244,Average
6,22,Female,Basketball,S001,2025-01-09,57,134,3.3574587299996734,8220,86.16065616101632,60.46416598876256,Average
3,25,Male,Basketball,S008,2025-01-04,65,135,8.285159651203973,6286,81.47499082243996,57.549992942587295,Average
3,21,Male,Football,S006,2025-01-07,18,132,6.822335024359602,7221,71.64750803354428,56.32328892839128,Average
8,23,Male,Football,S004,2025-01-08,68,166,7.360565947075476,5460,72.42507793967468,85.3677997039142,Needs Improvement
8,20,Male,Basketball,S008,2025-01-07,39,158,5.6445878523237365,5225,85.15601033426347,67.96649659660568,Average
12,22,Male,Basketball,S009,2025-01-01,46,147,6.350754129932573,5953,65.16418740297496,69.79107623020876,Average
10,23,Female,Basketball,S003,2025-01-04,62,158,3.5444259016021156,12252,60.922590840154704,78.29763111068766,Needs Improvement
12,23,Female,Football,S006,2025-01-02,58,156,9.110064656808555,10578,72.88867527958168,64.67796974392215,Average
6,22,Female,Basketball,S002,2025-01-03,59,143,9.47497874724829,10054,72.07912081771352,52.49435654014397,Needs Improvement
4,21,Female,Basketball,S002,2025-01-04,69,165,7.478084284417786,1935,72.54702098195152,66.8892877114854,Average
5,17,Female,Football,S004,2025-01-05,28,152,8.78806166001166,12087,79.9633720027246,77.54627313386219,Average
3,21,Female,Basketball,S009,2025-01-03,31,135,6.295309861981373,8373,73.9368927444382,78.54932229458981,Average
0,20,Female,Basketball,S010,2025-01-07,32,144,5.624322646943633,13888,85.51193992418233,64.93572490309491,Average
7,25,Male,Basketball,S001,2025-01-06,54,127,9.179204993451195,9353,95.84186288842677,85.59082571222731,Average
5,22,Male,Football,S001,2025-01-05,43,144,6.044670161142292,9741,93.81706016609574,69.3040539703319,Needs Improvement
1,22,Female,Football,S008,2025-01-08,31,156,8.35135674240448,9227,92.32047575011305,70.73570408724183,Needs Improvement
2,21,Male,Football,S002,2025-01-07,48,131,7.068099866368944,11216,88.00099212332971,62.25660727024809,Needs Improvement
12,19,Female,Football,S003,2025-01-01,61,148,6.256193079035684,5263,63.102946991333475,57.14843634692085,Needs Improvement
7,21,Female,Basketball,S009,2025-01-02,79,134,6.0758742484656665,11573,39.989961340659676,63.37292584442515,Needs Improvement
6,20,Female,Basketball,S006,2025-01-07,70,123,6.430874435756882,11080,124.25611528007688,71.74596796393963,Average
2,21,Male,Basketball,S006,2025-01-01,55,143,7.424015967373867,8881,59.78421796430199,62.484157970712275,Average
10,21,Female,Football,S001,2025-01-05,52,125,10.200910202258974,9301,101.85301339252362,69.43843440706006,Average
5,22,Male,Basketball,S006,2025-01-08,51,149,4.96012894618646,11559,51.04654820819975,77.69269599435238,Average
7,20,Female,Basketball,S003,2025-01-04,38,135,6.221075452459274,10518,60.23758895199517,62.19384598017489,Needs Improvement
5,23,Female,Football,S009,2025-01-07,74,138,3.2764902914033653,9025,69.36989552512894,60.12208791587128,Average
8,23,Female,Basketball,S002,2025-01-02,21,124,10.27055386714358,7325,80.3100334136672,43.22987320097512,Average
8,22,Male,Basketball,S001,2025-01-08,61,155,6.050509444597659,7321,112.67006451139304,65.22666101684538,Average
3,21,Female,Basketball,S002,2025-01-06,33,131,7.991818145426892,10174,56.437616197584035,67.93968104734195,Needs Improvement
4,20,Male,Football,S003,2025-01-07,63,129,8.074851298891776,3799,47.55698268098563,79.57936218487829,Average
3,23,Male,Football,S005,2025-01-08,37,156,5.972821353247046,8496,83.96598372192284,70.63577144888775,Needs Improvement
5,24,Female,Football,S001,2025-01-03,51,141,7.594560835994139,9013,71.56206805311467,58.77711238844968,Average
5,21,Female,Basketball,S010,2025-01-01,39,148,12.624285475366868,8454,110.81564363463056,70.25833214130117,Average
1,23,Male,Basketball,S009,2025-01-01,27,122,8.774169239989469,10152,37.890622125891,76.73115569782755,Average
4,19,Male,Basketball,S003,2025-01-08,38,137,5.046353396625355,13826,83.97642510636945,77.460493779106,Needs Improvement
11,24,Female,Basketball,S004,2025-01-10,70,130,7.179479346783526,8423,85.71668669765762,63.79933534327942,Average
2,22,Male,Football,S010,2025-01-04,56,128,8.537155252787722,6219,97.20770284579848,66.12507207961298,Average
11,25,Female,Football,S010,2025-01-03,69,126,6.568977745239996,9101,63.8563182042011,60.12401405705338,Average
2,23,Male,Basketball,S002,2025-01-02,14,132,11.376432010897489,9950,89.04493204152558,65.121077340447,Average
5,20,Male,Football,S004,2025-01-08,73,150,4.274250921824349,1972,71.65439147720086,54.68212135231026,Average
9,23,Female,Basketball,S005,2025-01-04,45,126,8.998074732539097,14423,74.75089669387754,47.652199537818575,Average
9,20,Female,Basketball,S004,2025-01-10,56,132,5.830216792117041,9860,73.95827609965684,51.86585919948465,Needs Improvement
12,19,Female,Basketball,S002,2025-01-10,58,137,7.767565724511209,10943,89.43040690794959,53.46640368297972,Needs Improvement
1,22,Male,Football,S001,2025-01-02,55,131,6.405890011974469,8181,60.04612575249095,63.41943252284397,Needs Improvement
3,23,Female,Basketball,S007,2025-01-10,53,133,7.157198281451016,7284,87.07680330616034,60.09805670948084,Needs Improvement
7,23,Male,Football,S003,2025-01-03,38,144,4.820432880656914,3690,69.1084878987003,61.25149711136491,Average
2,22,Female,Football,S009,2025-01-09,65,151,8.610740694388758,12277,96.93108418596647,53.053144244525164,Average
7,22,Male,Basketball,S008,2025-01-04,36,145,5.397256517698459,11281,85.54575308063178,80.12479265355213,Needs Improvement
8,19,Female,Football,S009,2025-01-02,44,158,8.656240536925301,10060,62.168021720523996,62.57851510610236,Average
4,21,Female,Football,S005,2025-01-05,35,126,9.089757354242183,4620,70.80506239893984,64.1059202292365,Needs Improvement
14,20,Female,Football,S009,2025-01-03,52,133,8.664105465722239,6115,84.04644938929124,58.8888686887283,Average
8,23,Male,Football,S003,2025-01-06,86,137,5.6615640853928895,10370,69.03941729783581,77.53818082204147,Average
9,21,Female,Football,S009,2025-01-05,46,145,8.291932151567849,9228,76.61488835938448,79.44601528095605,Needs Improvement
3,19,Male,Football,S006,2025-01-10,58,131,7.720010747325404,5382,74.85561969191914,45.6448280570104,Needs Improvement
2,23,Male,Football,S008,2025-01-09,46,129,6.568430732694006,7905,51.93921522332455,64.28220527970029,Average
9,21,Male,Football,S005,2025-01-02,61,146,6.2909050680209955,10367,87.98196094566313,58.29760339049125,Average
1,22,Male,Football,S009,2025-01-09,48,149,7.405609144539577,7536,59.920881360482866,69.54294381644782,Needs Improvement
5,22,Male,Football,S009,2025-01-02,43,129,6.919928742628808,7497,59.679848487047806,52.653927416163285,Needs Improvement
2,25,Female,Football,S010,2025-01-07,15,158,8.085139036141914,6895,66.70932015100487,70.75418037165724,Needs Improvement
8,20,Male,Football,S004,2025-01-05,28,150,9.012881884767477,3204,46.268678901213065,74.81723592077209,Average
0,24,Female,Basketball,S010,2025-01-08,53,129,7.769932240475618,7922,76.93596258896997,63.24877850527019,Average
4,21,Female,Football,S007,2025-01-06,37,147,6.603985259051643,7049,67.04633986514511,60.388821798561175,Needs Improvement
2,21,Male,Basketball,S005,2025-01-08,67,143,6.470695557089926,10748,77.67024899234995,68.65078521270904,Needs Improvement
8,21,Female,Basketball,S003,2025-01-09,64,116,6.951282941283464,4051,69.30402041897568,85.56186672149644,Average
4,23,Male,Football,S005,2025-01-10,23,140,6.980188741351125,7200,74.61213011977911,60.80688023265476,Needs Improvement
6,24,Male,Football,S009,2025-01-02,42,133,10.112248990770885,5339,86.84096153074196,72.74514146791655,Average
7,23,Female,Football,S009,2025-01-01,49,141,7.84612859075657,9267,85.35393839244772,70.11536370563692,Average
12,20,Female,Football,S007,2025-01-07,60,137,7.643915073915009,14186,40.699178212870216,57.13588452229304,Average
4,24,Female,Basketball,S010,2025-01-01,16,134,7.787143224331667,16384,65.42028321486029,61.50192400010194,Average
3,26,Male,Football,S002,2025-01-08,75,137,7.514975058059956,6397,92.71105039654948,59.97747167378277,Average
4,22,Male,Football,S001,2025-01-06,31,141,7.185478428552264,9562,66.74122520164308,74.93264956154086,Average
7,18,Female,Football,S009,2025-01-01,37,153,6.583936285778467,8258,106.69313161568039,76.36011857024754,Average
5,20,Male,Football,S002,2025-01-10,34,132,6.67234141541908,13249,69.33156670715215,70.06332491070769,Needs Improvement
9,25,Female,Football,S006,2025-01-01,45,137,10.50277426837172,11707,59.63009721167016,81.07907531838659,Needs Improvement
8,22,Male,Basketball,S007,2025-01-02,59,154,9.058678614474122,6092,62.7731264828877,61.788907338743364,Needs Improvement
4,20,Male,Basketball,S006,2025-01-08,56,123,9.007589126073867,3710,102.49053391383906,81.13818503044689,Needs Improvement
2,20,Male,Basketball,S007,2025-01-07,40,143,6.63755927988546,6362,73.22107772005124,65.91639152179253,Average
3,18,Female,Basketball,S006,2025-01-09,49,132,5.787700439576366,14096,82.17950575731024,88.79083034725922,Average
5,22,Female,Basketball,S002,2025-01-02,34,142,9.64828518268693,19204,98.24413810535694,55.57836210899761,Average
6,22,Female,Basketball,S009,2025-01-08,69,137,6.676727228199364,7659,74.84940713160653,67.5322482614491,Average
7,24,Female,Basketball,S005,2025-01-09,56,158,8.890948806223081,13605,97.55395982203557,60.31544453514988,Needs Improvement
6,26,Female,Basketball,S009,2025-01-07,31,128,11.686807699880028,8431,61.278587943299044,39.390279469303636,Average
2,23,Male,Basketball,S008,2025-01-03,16,147,7.8695487488950775,7912,68.05530365894036,79.57219108022305,Average
4,22,Male,Basketball,S002,2025-01-10,70,128,7.689792693782803,4835,88.40564257452095,66.26030394696478,Average
0,18,Female,Basketball,S008,2025-01-01,42,158,8.932451322033435,8646,89.46107525247832,57.40388174679698,Needs Improvement
4,23,Male,Football,S005,2025-01-09,36,157,8.20384705164995,14659,53.40210100251432,82.31109174083791,Average
13,28,Male,Basketball,S004,2025-01-08,56,152,9.433909522611895,9277,97.62908009446771,58.7942003934168,Average
9,25,Male,Football,S005,2025-01-02,35,155,4.521709267810213,12564,80.38105317068587,66.04340832322035,Needs Improvement
1,21,Male,Football,S003,2025-01-03,65,130,9.263858957823897,6573,53.535533265806876,66.70814210606618,Needs Improvement
9,22,Female,Basketball,S006,2025-01-01,76,143,5.352343365943277,6544,47.78006801490112,81.85194400612846,Needs Improvement
6,21,Female,Football,S010,2025-01-04,33,135,7.618314137235151,9834,70.24087324556483,75.63892834741091,Average
8,24,Male,Basketball,S006,2025-01-01,53,146,7.3897074590710545,9859,93.21333716732492,62.178280933495934,Needs Improvement
9,25,Male,Football,S007,2025-01-06,52,162,9.148829734563574,17123,65.55880973776341,56.34452960110519,Needs Improvement
5,26,Male,Football,S001,2025-01-05,32,138,7.3157527072325745,18195,97.28980529837267,60.69382653553061,Needs Improvement
0,21,Female,Basketball,S009,2025-01-05,59,139,8.067701870572082,5735,85.59767863441293,65.93739115769512,Needs Improvement
8,23,Female,Basketball,S008,2025-01-07,58,136,6.468999622557775,5124,89.99445136680436,62.39337581810629,Needs Improvement
7,23,Male,Basketball,S001,2025-01-05,62,142,7.101709893259315,11835,64.26849979135913,70.76696290492741,Needs Improvement
9,19,Female,Football,S005,2025-01-10,57,128,7.0657328572758304,14965,64.63691030046408,62.692710538883546,Average
5,22,Male,Football,S006,2025-01-10,72,146,5.037903342766484,-279,82.56784784120677,77.46182246881759,Needs Improvement
14,23,Female,Football,S007,2025-01-01,41,141,6.582801627047218,12823,68.17502626789368,86.11370355250162,Average
8,22,Female,Basketball,S004,2025-01-08,49,122,8.22333785384852,9399,82.88214260058595,69.51994096244876,Average
6,22,Male,Basketball,S010,2025-01-01,63,137,8.772877696771621,10262,102.15798761824364,51.8738171806548,Average
5,20,Male,Football,S002,2025-01-06,49,145,8.445551742695494,10157,113.72013630262953,60.463810317563855,Needs Improvement
3,21,Female,Football,S006,2025-01-02,82,116,6.137439378128213,13474,61.145545096753125,49.64429425707799,Needs Improvement
7,20,Male,Basketball,S007,2025-01-07,75,142,4.205801636767564,5915,81.76901516897514,75.67525924760048,Needs Improvement
6,21,Female,Basketball,S007,2025-01-06,60,135,9.485644192354098,3386,77.90522811713552,76.6563061054147,Needs Improvement
8,23,Female,Football,S002,2025-01-03,33,113,5.742760904095101,16006,74.93827669350138,67.35436723885772,Average
6,21,Female,Basketball,S010,2025-01-07,45,134,6.540067172087708,11957,81.62260038399236,64.00047225320719,Average
9,24,Male,Football,S001,2025-01-03,53,136,7.684005377589645,9762,68.96198198171118,51.67629772645611,Needs Improvement
7,20,Male,Football,S010,2025-01-08,46,151,6.62245073198264,13436,61.034342314284174,63.51732536261119,Average
6,24,Female,Basketball,S003,2025-01-04,57,145,7.536209240601854,9690,99.92641402629701,65.45963285716618,Average
6,22,Male,Football,S006,2025-01-07,69,132,5.207442265174487,10505,67.95337788239166,51.90176488561198,Average
8,22,Female,Basketball,S007,2025-01-05,52,129,7.5190827785591345,7584,85.71926293302856,61.28199510620696,Needs Improvement
5,25,Female,Football,S001,2025-01-07,22,135,7.83180911956794,9254,76.74343373318492,81.02985538204103,Needs Improvement
7,22,Male,Football,S002,2025-01-02,32,150,7.554344462100781,2523,90.73578162427658,79.488241731215,Needs Improvement
7,22,Female,Football,S003,2025-01-03,47,124,6.119719927335092,5963,69.62636140308001,60.17837991285503,Average
7,25,Female,Football,S010,2025-01-09,37,130,8.216205105033369,11056,80.3698993911899,45.57878040236079,Average
8,23,Female,Football,S006,2025-01-05,69,147,6.275261398985889,8739,67.75473534401557,63.61688355015443,Needs Improvement
3,21,Male,Basketball,S009,2025-01-10,42,157,8.82174325842429,13879,62.967801604720876,76.08615230818322,Needs Improvement
5,25,Male,Basketball,S001,2025-01-01,37,125,4.398936212535198,7475,79.74466127639336,62.55447237936061,Average
6,21,Male,Basketball,S005,2025-01-05,75,146,7.411263411110887,12735,77.71696357986086,74.4476319485031,Needs Improvement
11,24,Male,Basketball,S006,2025-01-01,41,152,10.156149255790805,12643,56.79767210795407,69.34756679834686,Needs Improvement
9,20,Male,Basketball,S003,2025-01-09,76,134,6.8707460480015445,10571,51.99038815152487,71.31679866270305,Needs Improvement
5,22,Male,Basketball,S005,2025-01-09,57,134,8.132646115752198,7041,46.463078787724925,68.1458531805329,Needs Improvement
3,23,Male,Basketball,S005,2025-01-01,40,152,9.679198518643402,6856,47.72791018189702,64.01803723140624,Needs Improvement
2,22,Male,Basketball,S009,2025-01-07,67,134,8.989580409636567,7997,46.84687503734727,54.74446106675414,Average
2,21,Male,Football,S009,2025-01-08,57,134,4.736558583143475,8655,82.16704600483993,69.98199666746356,Average
2,24,Male,Basketball,S006,2025-01-02,70,131,8.625759891633065,13334,43.53861912929561,55.123582000079,Average
8,23,Male,Basketball,S006,2025-01-09,32,127,6.110096630648069,11552,99.02924370294308,57.30236298873196,Needs Improvement
6,19,Male,Basketball,S003,2025-01-01,39,139,5.087841939197619,10298,121.4836880094082,58.06720564159758,Needs Improvement
7,22,Female,Basketball,S009,2025-01-09,45,117,4.482515776555195,12995,81.81488107073743,60.58084798607714,Needs Improvement
4,21,Female,Basketball,S007,2025-01-08,68,141,6.122305304385644,12633,88.74707389652369,49.72795807022156,Needs Improvement
4,21,Male,Football,S001,2025-01-01,69,135,10.088415005907013,12002,90.2058064273166,66.15193431175975,Average
6,25,Male,Football,S008,2025-01-07,48,134,5.45380412258361,9910,91.33142783212706,53.232385163312756,Average
1,23,Female,Basketball,S004,2025-01-07,52,163,6.505707757694954,11540,62.58538054057541,68.23981039891095,Needs Improvement
6,24,Female,Basketball,S007,2025-01-05,38,135,7.380631261390155,14057,73.32806229375984,76.92836716563558,Average
5,24,Female,Basketball,S001,2025-01-04,53,144,7.680210447239313,10697,64.96243428652384,51.541555647681626,Average
3,22,Male,Basketball,S006,2025-01-09,58,147,10.448786466242375,9785,56.410122258172336,55.35880642768144,Needs Improvement
7,22,Female,Football,S001,2025-01-06,46,135,8.579253211792075,13070,75.48626619728712,68.88160101023965,Needs Improvement
3,22,Male,Football,S006,2025-01-02,17,131,7.8510174189117,7393,61.60233626681758,65.87609733741192,Average
6,22,Male,Basketball,S009,2025-01-02,32,144,6.438805504039458,14731,76.7306391054719,83.4664339734362,Needs Improvement
4,23,Female,Football,S006,2025-01-04,26,151,6.026407639598401,14444,89.64751464207731,66.79404693420531,Average
8,22,Female,Basketball,S002,2025-01-07,38,144,9.216379268871368,3254,79.87936951324497,64.05870728311493,Needs Improvement
6,20,Female,Basketball,S002,2025-01-09,51,135,9.847715094673891,6418,34.39801095317365,58.51056477949516,Average
8,21,Male,Basketball,S007,2025-01-07,49,130,4.62433583531617,5580,91.0221442359958,68.30969286199915,Average
4,16,Male,Basketball,S006,2025-01-07,19,136,8.502791325130495,6957,91.97267130517534,59.10642742901869,Needs Improvement
3,24,Male,Football,S003,2025-01-05,50,125,5.357338353185,4430,68.59296087638864,74.00371010995056,Average
6,22,Female,Basketball,S001,2025-01-06,36,123,4.641101167532921,9108,65.61463248341765,80.90167027417141,Needs Improvement
10,21,Female,Football,S008,2025-01-09,56,137,6.697948264223362,11044,89.89234903869253,52.821889492048385,Needs Improvement
8,21,Female,Football,S010,2025-01-05,29,164,9.689217045325657,12226,83.41142428587523,48.20282587911065,Needs Improvement
6,21,Male,Basketball,S010,2025-01-04,51,132,7.839624830601705,9775,60.75978227305481,73.62950828838513,Needs Improvement
7,20,Male,Football,S007,2025-01-01,49,142,7.71586715683603,15208,58.284296153023874,54.72897592686798,Needs Improvement
5,19,Female,Basketball,S003,2025-01-06,69,127,6.926544333378787,900,60.16235478176071,68.35678394543169,Needs Improvement
3,21,Female,Football,S001,2025-01-06,49,134,5.03774463224398,12335,86.64278809769934,47.74923884207196,Average
10,19,Female,Basketball,S006,2025-01-06,37,139,3.274362618897918,6561,52.149965821970085,70.06422438297109,Needs Improvement
4,21,Male,Basketball,S008,2025-01-01,69,138,6.517293907741377,12622,93.1416666714266,63.18829017937536,Average
1,22,Male,Basketball,S006,2025-01-02,55,141,9.388642431359079,7454,73.05939463691197,55.354546429545074,Average
6,25,Female,Basketball,S006,2025-01-04,54,143,7.7679805455906905,6405,107.33061670056523,76.37901307913077,Average
1,22,Male,Football,S002,2025-01-01,58,134,7.906393388636526,2199,94.9307128661429,79.6679841970529,Needs Improvement
2,19,Male,Basketball,S003,2025-01-10,69,122,8.239077817131207,3089,88.21826609988935,55.14852787593641,Needs Improvement
10,23,Female,Football,S007,2025-01-03,43,146,5.721709075730895,5687,58.68002398838189,67.19918480336813,Average
4,26,Male,Football,S008,2025-01-04,6,130,8.594062229019114,8813,75.21349229476475,81.13013489756642,Average
8,21,Female,Football,S006,2025-01-06,52,135,7.668686512986463,12717,41.88226205196006,75.8113918080069,Average
-2,18,Male,Basketball,S006,2025-01-08,102,142,5.609525074991115,10899,74.51687515351668,64.85897209974533,Needs Improvement
5,22,Female,Basketball,S006,2025-01-01,16,144,5.6242324463063325,9502,73.63938149661783,59.49663401665665,Needs Improvement
3,20,Female,Football,S007,2025-01-09,53,145,5.42639090381328,11546,59.38149472616053,64.13819961785565,Average
9,22,Female,Basketball,S005,2025-01-08,34,141,9.400393537438557,4945,76.5915542017847,70.71199848208157,Average
5,22,Male,Football,S008,2025-01-07,50,133,5.87613289241699,13037,60.52640970127425,63.38811665874629,Average
10,24,Female,Football,S005,2025-01-08,14,128,9.825690637546938,13858,75.5011514144832,63.18006932652682,Average
0,20,Male,Football,S002,2025-01-04,70,143,6.052088414885713,3961,62.807971700577724,62.68890779727181,Average
11,19,Female,Football,S007,2025-01-05,46,147,4.557910557788282,14946,51.257767520903926,60.80388128455637,Average
8,18,Male,Football,S008,2025-01-01,42,133,8.144134628466658,10815,63.916018117308724,74.13485904080842,Average
7,24,Male,Football,S003,2025-01-06,49,138,10.44374810728619,5078,72.7821543850127,74.76408226914671,Average
6,22,Male,Football,S002,2025-01-03,78,116,7.099428221916185,15749,60.99883305249713,41.900865751493804,Needs Improvement
5,22,Male,Football,S006,2025-01-07,54,144,8.01018019374192,11382,93.59510311459898,65.44598208355303,Average
9,20,Male,Basketball,S010,2025-01-05,41,134,6.976764643986199,10346,91.56832124878335,75.84313116977225,Average
3,22,Female,Football,S006,2025-01-09,69,128,5.40861567610004,7806,76.91124403418742,49.198458166867724,Needs Improvement
0,21,Female,Football,S010,2025-01-02,66,142,7.266299086572852,10893,96.33051259360533,66.0257650607225,Needs Improvement
8,21,Male,Basketball,S003,2025-01-06,65,136,5.740771214306357,13092,42.36093452770406,75.41849524948215,Average
4,21,Male,Basketball,S001,2025-01-10,46,151,6.094600364226996,11874,95.56462326243863,53.776643768965094,Average
10,21,Female,Basketball,S006,2025-01-08,21,152,9.447645474164442,10476,88.60344100523912,62.70995587807987,Average
8,24,Female,Basketball,S005,2025-01-04,57,133,5.864702263750482,6940,94.14664307250656,79.17386687347646,Average
10,25,Female,Football,S001,2025-01-07,66,130,8.09495052095158,9769,78.3238456454179,58.12814249606334,Average
1,21,Male,Football,S007,2025-01-06,49,127,7.822616686725755,11955,54.53829415356755,68.14055589453672,Average
10,24,Male,Basketball,S003,2025-01-07,39,142,6.399025020144928,6852,76.76718759066998,55.327462588155655,Needs Improvement
1,21,Male,Basketball,S009,2025-01-01,32,151,6.161196725655563,5476,52.28664168855222,73.10285917455124,Needs Improvement
8,23,Male,Football,S006,2025-01-05,36,153,9.352344868514816,12174,73.27147852414375,48.990683099972074,Average
5,21,Male,Football,S006,2025-01-06,66,140,7.394849208353666,6189,75.09818536364152,78.0002083497553,Average
5,19,Female,Football,S003,2025-01-05,75,132,6.005858204425814,8934,101.50327340880582,69.80757798267938,Needs Improvement
4,21,Male,Football,S002,2025-01-07,55,143,10.395498662695534,7427,87.1394108048267,82.91866245220733,Needs Improvement
8,20,Male,Football,S002,2025-01-10,56,132,5.213668724788863,13584,90.27290489086832,70.83174400049658,Average
10,21,Female,Football,S002,2025-01-07,45,133,6.0252551358462,11278,69.74353499817994,69.46976982796681,Needs Improvement
10,21,Male,Football,S003,2025-01-09,69,111,11.349210514665526,8573,82.0661687086497,52.37044186172098,Needs Improvement
3,22,Male,Football,S004,2025-01-05,32,161,8.25625680616287,16747,84.69671350706614,58.58353924739748,Needs Improvement
5,23,Male,Football,S006,2025-01-09,89,147,3.998580322657464,12401,88.81418330169777,51.773941898903566,Needs Improvement
5,24,Female,Football,S006,2025-01-09,41,156,7.760966403288475,8379,76.48321222602097,83.92205774653112,Average
2,23,Female,Football,S002,2025-01-10,62,125,3.101116476700466,11823,97.09862538233276,79.88563513386485,Needs Improvement
5,23,Male,Basketball,S003,2025-01-04,35,147,8.365536702523979,14557,83.16809868970368,69.02343276233671,Needs Improvement
8,22,Female,Basketball,S008,2025-01-03,55,147,6.461244057594907,12370,92.18518889019865,56.95047456192386,Average
7,22,Male,Football,S008,2025-01-03,38,138,4.691136288497066,8515,68.3918244277047,64.87865148897599,Needs Improvement
7,19,Female,Basketball,S008,2025-01-02,26,151,9.776549216618065,8110,98.68575126097193,69.2288168725183,Needs Improvement
5,18,Male,Basketball,S009,2025-01-10,42,125,6.2255389335797435,13039,82.5166733768358,52.25560841971485,Average
-2,21,Male,Basketball,S008,2025-01-07,65,126,8.669060106691205,2041,81.26816391300702,68.42915784624275,Needs Improvement
7,22,Female,Football,S003,2025-01-08,67,119,5.885758129831768,10640,89.6455053301018,63.05819386345773,Needs Improvement
4,20,Male,Basketball,S010,2025-01-02,58,124,8.70597228228204,8028,79.45686121369367,77.88368063030855,Average
6,16,Male,Basketball,S002,2025-01-04,40,133,7.7626756038779,9984,92.06103264925954,64.2648205838329,Average
7,22,Female,Football,S008,2025-01-10,29,146,7.129466421823848,12475,86.75057134852987,69.03732529479423,Average
8,21,Female,Football,S001,2025-01-07,68,150,5.48530467351944,6433,77.45165294053817,52.62667886985893,Needs Improvement
9,22,Female,Football,S010,2025-01-03,63,134,9.195054029959929,9552,89.77063470349404,66.00225634770689,Average
1,21,Male,Football,S007,2025-01-02,55,129,4.000492994141428,6868,84.91229992816106,80.2868501869476,Average
-5,21,Male,Basketball,S009,2025-01-01,26,136,9.264832139268092,4805,69.14729821302956,72.5138748450832,Needs Improvement
2,25,Male,Basketball,S001,2025-01-05,50,142,3.7858066854929477,6284,63.812678435446145,68.13070906200363,Average
5,24,Male,Football,S002,2025-01-02,72,122,7.02324136174078,2397,85.35225082698913,61.930282427200325,Needs Improvement
2,24,Male,Basketball,S010,2025-01-04,29,141,8.809043329466862,7215,67.10228962070504,78.87263005572305,Needs Improvement
3,21,Male,Basketball,S005,2025-01-01,59,118,5.610736243935061,11537,54.709591294007076,78.0086488061571,Average
5,22,Male,Football,S003,2025-01-06,39,144,6.632607473157094,3668,77.5234949329257,76.06252760206183,Needs Improvement
10,20,Male,Football,S004,2025-01-01,55,128,9.025085240318255,6582,95.92352670807847,69.14191416597546,Average
6,24,Male,Basketball,S005,2025-01-07,53,140,5.981857848177299,6400,104.77175584104279,69.986207162109,Average
7,25,Male,Basketball,S007,2025-01-02,71,130,7.561865765078812,11496,106.25406211016647,63.725332995236144,Needs Improvement
5,21,Female,Basketball,S008,2025-01-05,33,148,7.620112926091197,3848,92.6475202069634,60.33497128867607,Average
2,22,Male,Football,S005,2025-01-10,67,152,4.687805567033319,6666,76.29997995086357,51.93128249821073,Average
-2,22,Male,Basketball,S002,2025-01-04,34,118,4.503300613650701,4631,58.87323695341922,66.9648194843074,Average
9,24,Male,Basketball,S008,2025-01-04,22,126,6.9771635240420204,2649,92.9866657665795,63.34897721529604,Needs Improvement
10,20,Male,Football,S002,2025-01-02,60,129,7.183417998614592,6448,115.55357997712676,63.60877265068916,Needs Improvement
0,22,Female,Basketball,S005,2025-01-10,48,127,8.293159692053369,11324,69.84732301467557,67.74093902733796,Average
6,22,Male,Football,S004,2025-01-04,56,139,8.015068873547085,2759,81.04221356454252,80.06860505923622,Needs Improvement
5,20,Male,Football,S006,2025-01-10,54,120,10.08954077696592,14441,120.50374538335811,86.68413083303072,Average
5,20,Male,Basketball,S002,2025-01-09,58,126,8.654561878612864,12905,75.96919026523804,65.80793546949214,Average
1,20,Male,Football,S006,2025-01-04,48,135,5.643792463380258,11548,90.69738800322494,67.31493807912402,Needs Improvement
4,19,Female,Basketball,S003,2025-01-06,36,143,9.351837437648728,5022,95.38211907007906,50.743799761858426,Average
6,23,Female,Basketball,S009,2025-01-04,37,124,10.487710746295939,11207,44.68666144435774,62.168696654071425,Needs Improvement
-1,23,Female,Basketball,S009,2025-01-04,89,141,7.708453063865334,7171,54.48260919138536,75.39038326498775,Average
0,24,Female,Football,S003,2025-01-05,75,149,6.172428640920695,9689,82.16200461494996,67.03026328186536,Needs Improvement
7,20,Male,Basketball,S007,2025-01-09,41,118,6.829927281626748,8436,69.1332701211922,55.18889696027421,Needs Improvement
8,23,Male,Football,S008,2025-01-09,47,139,4.846944625615038,13519,83.30629374785971,80.21510426906454,Needs Improvement
3,24,Female,Football,S009,2025-01-10,18,128,9.36730180675052,5452,82.37214546257293,64.72573296778937,Needs Improvement
6,22,Female,Football,S009,2025-01-04,74,138,6.44395262581255,14450,59.02139527601627,59.34591316438557,Average
2,22,Male,Basketball,S010,2025-01-10,44,141,5.78371320458527,2021,88.82820360817388,62.510921160440795,Average
3,21,Male,Football,S008,2025-01-04,27,130,5.337404623342491,13122,88.67835815468833,47.568778472323544,Needs Improvement
4,22,Male,Football,S007,2025-01-05,63,151,4.947155048210519,12105,84.44921111473624,83.9714459933938,Average
2,19,Male,Football,S001,2025-01-09,46,129,4.5608887046044035,11686,74.44543309741603,80.47433986617291,Needs Improvement
6,23,Male,Basketball,S009,2025-01-06,77,152,7.427859048115945,14898,48.83804879311372,79.23304126025255,Needs Improvement
7,22,Male,Basketball,S007,2025-01-10,56,135,7.653902680690098,14286,85.17492153693752,55.28421914352661,Average
7,27,Female,Basketball,S004,2025-01-09,48,125,8.896534486229086,1748,95.67155753902094,70.93186935625296,Needs Improvement
6,20,Male,Football,S001,2025-01-01,65,135,9.450254358183823,8262,46.630844255807226,57.12880567010106,Needs Improvement
7,23,Male,Basketball,S003,2025-01-10,21,141,9.88202667430939,9313,88.75620722543259,76.56809401958164,Needs Improvement
1,21,Male,Basketball,S009,2025-01-06,65,154,4.71524589461693,10459,73.24119128600725,56.02195263794503,Needs Improvement
